component,theme,subcomponent,state,rule,value
collapsible,light,,,color,#33444a
collapsible,light,icon,,color,#33444a
collapsible,dark,,,color,#e7f9ff
collapsible,dark,icon,,color,#e7f9ff
button,light,primary,,background-color,#00698f
button,light,primary,,border-color,#00698f
button,light,primary,,color,#fafbfb
button,light,primary,hover,background-color,#003f56
button,light,primary,hover,border-color,#003f56
button,light,primary,hover,color,#fafbfb
button,light,primary,visited,background-color,#00698f
button,light,primary,visited,border-color,#00698f
button,light,primary,visited,color,#fafbfb
button,light,primary,active,background-color,#003f56
button,light,primary,active,border-color,#003f56
button,light,primary,active,color,#fafbfb
button,light,"primary focus outline",,color,#8b5cd7
button,dark,primary,,background-color,#61daff
button,dark,primary,,border-color,#61daff
button,dark,primary,,color,#003a4f
button,dark,primary,hover,background-color,#a0e9ff
button,dark,primary,hover,border-color,#a0e9ff
button,dark,primary,hover,color,#002937
button,dark,primary,visited,background-color,#61daff
button,dark,primary,visited,border-color,#61daff
button,dark,primary,visited,color,#003a4f
button,dark,primary,active,background-color,#a0e9ff
button,dark,primary,active,border-color,#a0e9ff
button,dark,primary,active,color,#002937
button,dark,"primary focus outline",,color,#8b5cd7
button,light,secondary,,background-color,transparent
button,light,secondary,,border-color,#00698f
button,light,secondary,,color,#00698f
button,light,secondary,hover,background-color,transparent
button,light,secondary,hover,border-color,#003f56
button,light,secondary,hover,color,#003f56
button,light,secondary,visited,background-color,transparent
button,light,secondary,visited,border-color,#00698f
button,light,secondary,visited,color,#00698f
button,light,secondary,active,background-color,transparent
button,light,secondary,active,border-color,#003f56
button,light,secondary,active,color,#003f56
button,light,"secondary focus outline",,color,#8b5cd7
button,dark,secondary,,background-color,transparent
button,dark,secondary,,border-color,#61daff
button,dark,secondary,,color,#61daff
button,dark,secondary,hover,background-color,transparent
button,dark,secondary,hover,border-color,#a0e9ff
button,dark,secondary,hover,color,#a0e9ff
button,dark,secondary,visited,background-color,transparent
button,dark,secondary,visited,border-color,#61daff
button,dark,secondary,visited,color,#61daff
button,dark,secondary,active,background-color,transparent
button,dark,secondary,active,border-color,#a0e9ff
button,dark,secondary,active,color,#a0e9ff
button,dark,"secondary focus outline",,color,#8b5cd7
button,light,tertiary,,background-color,transparent
button,light,tertiary,,border-color,transparent
button,light,tertiary,,color,#00698f
button,light,tertiary,hover,background-color,transparent
button,light,tertiary,hover,border-color,transparent
button,light,tertiary,hover,color,#003f56
button,light,tertiary,visited,background-color,transparent
button,light,tertiary,visited,border-color,transparent
button,light,tertiary,visited,color,#00698f
button,light,tertiary,active,background-color,transparent
button,light,tertiary,active,border-color,transparent
button,light,tertiary,active,color,#003f56
button,light,"tertiary focus outline",,color,#8b5cd7
button,dark,tertiary,,background-color,transparent
button,dark,tertiary,,border-color,transparent
button,dark,tertiary,,color,#61daff
button,dark,tertiary,hover,background-color,transparent
button,dark,tertiary,hover,border-color,transparent
button,dark,tertiary,hover,color,#a0e9ff
button,dark,tertiary,visited,background-color,transparent
button,dark,tertiary,visited,border-color,transparent
button,dark,tertiary,visited,color,#61daff
button,dark,tertiary,active,background-color,transparent
button,dark,tertiary,active,border-color,transparent
button,dark,tertiary,active,color,#a0e9ff
button,dark,"tertiary focus outline",,color,#8b5cd7
chip,light,,,background-color,transparent
chip,light,,,border-color,#00698f
chip,light,,,color,#00698f
chip,light,dismiss,,color,#00698f
chip,light,,hover,background-color,#003f56
chip,light,,hover,border-color,#003f56
chip,light,,hover,color,#fafbfb
chip,light,selected,,background-color,transparent
chip,light,selected,,border-color,#00698f
chip,light,selected,,color,#00698f
chip,light,,active,background-color,#003f56
chip,light,,active,border-color,#003f56
chip,light,,active,color,#fafbfb
chip,light,,visited,background-color,transparent
chip,light,,visited,border-color,#00698f
chip,light,,visited,color,#00698f
chip,light,"focus outline",,color,#8b5cd7
chip,dark,,,background-color,transparent
chip,dark,,,border-color,#61daff
chip,dark,,,color,#61daff
chip,dark,dismiss,,color,#61daff
chip,dark,,hover,background-color,#a0e9ff
chip,dark,,hover,border-color,#a0e9ff
chip,dark,,hover,color,#002937
chip,dark,selected,,background-color,transparent
chip,dark,selected,,border-color,#61daff
chip,dark,selected,,color,#61daff
chip,dark,,active,background-color,#a0e9ff
chip,dark,,active,border-color,#a0e9ff
chip,dark,,active,color,#002937
chip,dark,,visited,background-color,transparent
chip,dark,,visited,border-color,#61daff
chip,dark,,visited,color,#61daff
chip,dark,"focus outline",,color,#8b5cd7
input,light,,,background-color,#fdfdfd
input,light,,,border-color,#adafb0
input,light,,,color,#33444a
input,light,,hover,border-color,#00698f
input,light,focus,,background-color,#fdfdfd
input,light,focus,,color,#33444a
input,light,"focus outline",,color,#8b5cd7
input,light,focus,,border-color,#5c5d5e
input,light,error,,border-color,#ce3836
input,light,success,,border-color,#008482
input,dark,,,background-color,#0d4458
input,dark,,,border-color,#a6bac1
input,dark,,,color,#e7f9ff
input,dark,,hover,border-color,#61daff
input,dark,focus,,border-color,#1a4e61
input,dark,error,,border-color,#e85653
input,dark,success,,border-color,#12b0ae
"radio label",light,,,color,#33444a
radio,light,,,border-color,#adafb0
radio,light,selected,,background-color,#00698f
radio,light,,active,background-color,#33444a
radio,light,check,,color,#fafbfb
"radio label",dark,,,color,#e7f9ff
radio,dark,,,border-color,#002937
radio,dark,selected,,background-color,#61daff
radio,dark,,active,background-color,#e7f9ff
radio,dark,check,,color,#003a4f
"checkbox label",light,,,color,#33444a
checkbox,light,,,border-color,#adafb0
checkbox,light,selected,,background-color,#00698f
checkbox,light,,active,background-color,#33444a
checkbox,light,check,,color,#fafbfb
"checkbox label",dark,,,color,#e7f9ff
checkbox,dark,,,border-color,#002937
checkbox,dark,selected,,background-color,#61daff
checkbox,dark,,active,background-color,#e7f9ff
checkbox,dark,check,,color,#003a4f
"field description",light,,,color,#33444a
"field description",dark,,,color,#e7f9ff
"field message",light,error,,background-color,#f8e1e1
"field message",light,error,,border-color,#ce3836
"field message",light,error,,color,#33444a
"field message",light,"error icon",,color,#ce3836
"field message",light,information,,background-color,#d9ebf5
"field message",light,information,,border-color,#007cbf
"field message",light,information,,color,#33444a
"field message",light,"information icon",,color,#007cbf
"field message",light,success,,border-color,#008482
"field message",light,success,,background-color,#d9edec
"field message",light,success,,color,#33444a
"field message",light,"success icon",,color,#008482
"field message",light,warning,,background-color,#f7e5d9
"field message",light,warning,,border-color,#c95100
"field message",light,warning,,color,#33444a
"field message",light,"warning icon",,color,#c95100
"field message",dark,error,,background-color,#a23c3a
"field message",dark,error,,border-color,#e85653
"field message",dark,error,,color,#e7f9ff
"field message",dark,"error icon",,color,#e85653
"field message",dark,information,,background-color,#3589b0
"field message",dark,information,,border-color,#4cc4fc
"field message",dark,information,,color,#e7f9ff
"field message",dark,"information icon",,color,#4cc4fc
"field message",dark,success,,border-color,#12b0ae
"field message",dark,success,,background-color,#0d7b7a
"field message",dark,success,,color,#e7f9ff
"field message",dark,"success icon",,color,#12b0ae
"field message",dark,warning,,background-color,#9f5c30
"field message",dark,warning,,border-color,#e38444
"field message",dark,warning,,color,#e7f9ff
"field message",dark,"warning icon",,color,#e38444
label,light,,,color,#002a39
label,light,required,,color,#ce3836
label,dark,,,color,#f7fdff
label,dark,required,,color,#e85653
select,light,,,background-color,#fdfdfd
select,light,,,color,#33444a
select,light,,hover,border-color,#adafb0
select,light,focus,,border-color,#00698f
select,light,error,,border-color,#ce3836
select,light,option,,background-color,#fdfdfd
select,dark,,,background-color,#0d4458
select,dark,,,color,#e7f9ff
select,dark,,hover,border-color,#a6bac1
select,dark,focus,,border-color,#61daff
select,dark,error,,border-color,#e85653
select,dark,option,,background-color,#0d4458
"content link",light,,,color,#00698f
"content link",light,,hover,background-color,#003f56
"content link",light,,hover,color,#fafbfb
"content link",light,,visited,color,#33444a
"content link",light,visited,hover,color,#fafbfb
"content link",light,visited,hover,border-color,#8b5cd7
"content link",dark,,,color,#61daff
"content link",dark,,hover,background-color,#a0e9ff
"content link",dark,,hover,color,#002937
"content link",dark,,visited,color,#e7f9ff
"content link",dark,visited,hover,color,#002937
"content link",dark,visited,hover,border-color,#8b5cd7
link,light,,,color,#00698f
link,light,,hover,color,#003f56
link,light,,visited,color,#00698f
link,light,,active,color,#33444a
link,dark,,,color,#61daff
link,dark,,hover,color,#a0e9ff
link,dark,,visited,color,#61daff
link,dark,,active,color,#e7f9ff
heading,light,,,color,#002a39
heading,dark,,,color,#f7fdff
tag,light,primary,,background-color,#00698f
tag,light,primary,,border-color,#00698f
tag,light,primary,,color,#fafbfb
tag,light,secondary,,background-color,transparent
tag,light,secondary,,border-color,#00698f
tag,light,secondary,,color,#00698f
tag,light,tertiary,,background-color,transparent
tag,light,tertiary,,border-color,transparent
tag,light,tertiary,,color,#00698f
tag,dark,primary,,background-color,#61daff
tag,dark,primary,,border-color,#61daff
tag,dark,primary,,color,#003a4f
tag,dark,secondary,,background-color,transparent
tag,dark,secondary,,border-color,#61daff
tag,dark,secondary,,color,#61daff
tag,dark,tertiary,,background-color,transparent
tag,dark,tertiary,,border-color,transparent
tag,dark,tertiary,,color,#61daff
table,light,,,background-color,#fdfdfd
table,light,,,border-color,#5c5d5e
table,light,caption,,color,#33444a
table,light,,,color,#33444a
table,light,footer,,border-color,#5c5d5e
table,light,footer,,color,#002a39
table,light,header,,border-color,#5c5d5e
table,light,header,,color,#002a39
table,light,"row even",,background-color,#e6e9eb
table,light,"row even",,color,#33444a
table,light,"row odd",,background-color,#fdfdfd
table,light,"row odd",,color,#33444a
table,dark,,,background-color,#002937
table,dark,,,border-color,#1a4e61
table,dark,caption,,color,#e7f9ff
table,dark,,,color,#e7f9ff
table,dark,footer,,border-color,#1a4e61
table,dark,footer,,color,#f7fdff
table,dark,header,,border-color,#1a4e61
table,dark,header,,color,#f7fdff
table,dark,"row even",,background-color,#003a4f
table,dark,"row even",,color,#e7f9ff
table,dark,"row odd",,background-color,#002937
table,dark,"row odd",,color,#e7f9ff
iframe,light,,,background-color,#fdfdfd
iframe,dark,,,background-color,#0d4458
popover,light,content,,background-color,#fdfdfd
popover,light,content,,border-color,#adafb0
popover,dark,content,,background-color,#0d4458
popover,dark,content,,border-color,#a6bac1
attachment,light,,,background-color,#fdfdfd
attachment,light,,,border-color,#adafb0
attachment,light,,,color,#33444a
attachment,light,date,,color,#33444a
attachment,light,heading,,color,#002a39
attachment,light,icon,,color,#33444a
attachment,light,title,,color,#33444a
attachment,light,wrapper,,background-color,#e6e9eb
attachment,dark,,,background-color,#002937
attachment,dark,,,border-color,#002937
attachment,dark,,,color,#e7f9ff
attachment,dark,date,,color,#e7f9ff
attachment,dark,heading,,color,#f7fdff
attachment,dark,icon,,color,#e7f9ff
attachment,dark,title,,color,#e7f9ff
attachment,dark,wrapper,,background-color,#003a4f
"basic content",light,base,,color,#33444a
"basic content",light,blockquote,,color,#33444a
"basic content",light,"heading 1",,color,#002a39
"basic content",light,"heading 2",,color,#002a39
"basic content",light,"heading 3",,color,#002a39
"basic content",light,"heading 4",,color,#002a39
"basic content",light,"heading 5",,color,#002a39
"basic content",light,"heading 6",,color,#002a39
"basic content",light,"ol li",,color,#33444a
"basic content",light,"ol li marker",,color,#33444a
"basic content",light,"ul li",,color,#33444a
"basic content",light,"ul li marker",,color,#33444a
"basic content",light,wrapper,,background-color,#e6e9eb
"basic content",dark,base,,color,#e7f9ff
"basic content",dark,blockquote,,color,#e7f9ff
"basic content",dark,"heading 1",,color,#f7fdff
"basic content",dark,"heading 2",,color,#f7fdff
"basic content",dark,"heading 3",,color,#f7fdff
"basic content",dark,"heading 4",,color,#f7fdff
"basic content",dark,"heading 5",,color,#f7fdff
"basic content",dark,"heading 6",,color,#f7fdff
"basic content",dark,"ol li",,color,#e7f9ff
"basic content",dark,"ol li marker",,color,#e7f9ff
"basic content",dark,"ul li",,color,#e7f9ff
"basic content",dark,"ul li marker",,color,#e7f9ff
"basic content",dark,wrapper,,background-color,#003a4f
callout,light,,,background-color,#e6e9eb
callout,light,heading,,color,#002a39
callout,light,summary,,color,#33444a
callout,light,stripe,,border-color,#121313
callout,dark,,,background-color,#003a4f
callout,dark,heading,,color,#f7fdff
callout,dark,summary,,color,#e7f9ff
callout,dark,stripe,,border-color,#00698f
"dropdown filter",light,"filter options",,background-color,#fdfdfd
"dropdown filter",light,"filter options",,border-color,transparent
"dropdown filter",light,"filter text",,color,#33444a
"dropdown filter",light,"filter text icon",,color,#33444a
"dropdown filter",light,"inline filter text",,color,#33444a
"dropdown filter",dark,"filter options",,background-color,#002937
"dropdown filter",dark,"filter options",,border-color,transparent
"dropdown filter",dark,"filter text",,color,#e7f9ff
"dropdown filter",dark,"filter text icon",,color,#e7f9ff
"dropdown filter",dark,"inline filter text",,color,#e7f9ff
"event card",light,,,background-color,#fdfdfd
"event card",light,,,border-top-color,#121313
"event card",light,heading,,color,#002a39
"event card",light,heading,hover,color,#003f56
"event card",light,heading,active,color,#33444a
"event card",light,"icon arrow",,color,inherit
"event card",light,icon,,color,#00698f
"event card",light,location,,color,#33444a
"event card",light,summary,,color,#33444a
"event card",dark,,,background-color,#002937
"event card",dark,,,border-top-color,#00698f
"event card",dark,heading,,color,#f7fdff
"event card",dark,heading,hover,color,#a0e9ff
"event card",dark,heading,active,color,#e7f9ff
"event card",dark,"icon arrow",,color,inherit
"event card",dark,icon,,color,#61daff
"event card",dark,location,,color,#e7f9ff
"event card",dark,summary,,color,#e7f9ff
"navigation card",light,,,background-color,#fdfdfd
"navigation card",light,,,color,#33444a
"navigation card",light,heading,active,color,#002a39
"navigation card",light,heading,,color,#002a39
"navigation card",light,heading,hover,color,#003f56
"navigation card",light,"icon arrow",,color,#00698f
"navigation card",light,icon,,color,#00698f
"navigation card",dark,,,background-color,#002937
"navigation card",dark,,,color,#e7f9ff
"navigation card",dark,heading,active,color,#f7fdff
"navigation card",dark,heading,,color,#f7fdff
"navigation card",dark,heading,hover,color,#a0e9ff
"navigation card",dark,"icon arrow",,color,#61daff
"navigation card",dark,icon,,color,#61daff
"promo card",light,,,background-color,#fdfdfd
"promo card",light,,,border-top-color,#121313
"promo card",light,heading,,color,#002a39
"promo card",light,"icon arrow",,color,inherit
"promo card",light,summary,,color,#33444a
"promo card",dark,,,background-color,#002937
"promo card",dark,,,border-top-color,#00698f
"promo card",dark,heading,,color,#f7fdff
"promo card",dark,"icon arrow",,color,inherit
"promo card",dark,summary,,color,#e7f9ff
"publication card",light,"attachment icon",,color,#33444a
"publication card",light,,,background-color,#fdfdfd
"publication card",light,,,color,#33444a
"publication card",light,heading,,color,#002a39
"publication card",light,icon,,color,#002a39
"publication card",dark,"attachment icon",,color,#e7f9ff
"publication card",dark,,,background-color,#002937
"publication card",dark,,,color,#e7f9ff
"publication card",dark,heading,,color,#f7fdff
"publication card",dark,icon,,color,#f7fdff
"service card",light,,,background-color,#fdfdfd
"service card",light,,,border-top-color,#121313
"service card",light,heading,,color,#002a39
"service card",dark,,,background-color,#002937
"service card",dark,,,border-top-color,#00698f
"service card",dark,heading,,color,#f7fdff
"subject card",light,,active,color,#33444a
"subject card",light,,,color,#00698f
"subject card",light,,hover,color,#003f56
"subject card",light,icon,,color,#00698f
"subject card",light,image,,background-color,#fdfdfd
"subject card",dark,,active,color,#e7f9ff
"subject card",dark,,,color,#61daff
"subject card",dark,,hover,color,#a0e9ff
"subject card",dark,icon,,color,#61daff
"subject card",dark,image,,background-color,#003a4f
figure,light,caption,,color,#33444a
figure,light,"caption icon",,color,#33444a
figure,dark,caption,,color,#e7f9ff
figure,dark,"caption icon",,color,#e7f9ff
"form element",light,,,color,#33444a
"form element",dark,,,color,#e7f9ff
"group filter",light,,,background-color,#e6e9eb
"group filter",light,,,border-color,#5c5d5e
"group filter",light,"clear all",,background-color,transparent
"group filter",light,"clear all",,color,#e6e9eb
"group filter",light,"clear all icon",,color,#ce3836
"group filter",light,"dropdown filter",,border-color,#5c5d5e
"group filter",light,"filters legend",,color,#33444a
"group filter",light,"mobile clear all label",,color,#e6e9eb
"group filter",light,"mobile filter title",,color,#e6e9eb
"group filter",light,"mobile overlay",,background-color,#e6e9eb
"group filter",light,"mobile toggle",,background-color,#e6e9eb
"group filter",light,"mobile toggle",,border-color,#5c5d5e
"group filter",light,"mobile toggle",,color,#00698f
"group filter",light,"mobile toggle display",,border-color,#5c5d5e
"group filter",light,"mobile toggle display",,color,#e6e9eb
"group filter",light,"selected filters",,border-color,#adafb0
"group filter",light,"selected filters title",,color,#33444a
"group filter",dark,,,background-color,#003a4f
"group filter",dark,,,border-color,#61daff
"group filter",dark,"clear all",,background-color,transparent
"group filter",dark,"clear all",,color,#003a4f
"group filter",dark,"clear all icon",,color,#003a4f
"group filter",dark,"dropdown filter",,border-color,#61daff
"group filter",dark,"filters legend",,color,#e7f9ff
"group filter",dark,"mobile clear all label",,color,#003a4f
"group filter",dark,"mobile filter title",,color,#e7f9ff
"group filter",dark,"mobile overlay",,background-color,#003a4f
"group filter",dark,"mobile toggle",,background-color,#003a4f
"group filter",dark,"mobile toggle",,border-color,#61daff
"group filter",dark,"mobile toggle",,color,#003a4f
"group filter",dark,"mobile toggle display",,border-color,#61daff
"group filter",dark,"mobile toggle display",,color,#003a4f
"group filter",dark,"selected filters",,border-color,#a6bac1
"group filter",dark,"selected filters title",,color,#003a4f
logo,light,stripe,,color,#171718
logo,dark,stripe,,color,#adafb0
map,light,,,background-color,transparent
map,light,wrapper,,background-color,#e6e9eb
map,dark,,,background-color,transparent
map,dark,wrapper,,background-color,#003a4f
"next steps",light,,active,color,#33444a
"next steps",light,,,background-color,#fdfdfd
"next steps",light,,,border-color,#adafb0
"next steps",light,,,color,#33444a
"next steps",light,heading,,color,#002a39
"next steps",light,,hover,color,#33444a
"next steps",light,icon,,color,#002a39
"next steps",light,stripe,,color,#121313
"next steps",dark,,active,color,#e7f9ff
"next steps",dark,,,background-color,#002937
"next steps",dark,,,border-color,#1a4e61
"next steps",dark,,,color,#e7f9ff
"next steps",dark,heading,,color,#f7fdff
"next steps",dark,,hover,color,#e7f9ff
"next steps",dark,icon,,color,#f7fdff
"next steps",dark,stripe,,color,#00698f
quote,light,,,background-color,#fdfdfd
quote,light,,,border-color,#121313
quote,light,body,,color,#33444a
quote,light,author,,color,#002a39
quote,dark,,,background-color,#0d4458
quote,dark,,,border-color,#00698f
quote,dark,body,,color,#e7f9ff
quote,dark,author,,color,#f7fdff
"table of contents",light,link,,background-color,#fdfdfd
"table of contents",light,link,,border-color,#adafb0
"table of contents",light,link,,color,#002a39
"table of contents",light,link,hover,background-color,#e6e9eb
"table of contents",light,link,hover,border-color,#adafb0
"table of contents",light,link,hover,color,#002a39
"table of contents",light,"link stripe",,background-color,#adafb0
"table of contents",light,"link hover stripe",,background-color,#121313
"table of contents",light,title,,color,#002a39
"table of contents",dark,link,,background-color,#0d4458
"table of contents",dark,link,,border-color,#a6bac1
"table of contents",dark,link,,color,#f7fdff
"table of contents",dark,link,hover,background-color,#003a4f
"table of contents",dark,link,hover,border-color,#a6bac1
"table of contents",dark,link,hover,color,#f7fdff
"table of contents",dark,"link stripe",,background-color,#a6bac1
"table of contents",dark,"link hover stripe",,background-color,#00698f
"table of contents",dark,title,,color,#f7fdff
tabs,light,"links stripe",,border-color,#adafb0
tabs,light,links,,background-color,#e6e9eb
tabs,light,links,,border-color,#adafb0
tabs,light,links,active,background-color,#fdfdfd
tabs,light,links,active,border-color,#adafb0
tabs,light,panel,,background-color,#e6e9eb
tabs,light,panel,,border-color,#5c5d5e
tabs,dark,"links stripe",,border-color,#a6bac1
tabs,dark,links,,background-color,#003a4f
tabs,dark,links,,border-color,#a6bac1
tabs,dark,links,active,background-color,#0d4458
tabs,dark,links,active,border-color,#a6bac1
tabs,dark,panel,,background-color,#003a4f
tabs,dark,panel,,border-color,#1a4e61
breadcrumb,light,,,color,#33444a
breadcrumb,dark,,,color,#e7f9ff
tooltip,light,description,,background-color,#00698f
tooltip,light,description,,color,#fafbfb
tooltip,light,icon,,color,#00698f
tooltip,dark,description,,background-color,#61daff
tooltip,dark,description,,color,#003a4f
tooltip,dark,icon,,color,#61daff
accordion,light,,,background-color,#fdfdfd
accordion,light,,,border-color,#adafb0
accordion,light,,,color,#33444a
accordion,light,button,,background-color,#fdfdfd
accordion,light,button,,color,#002a39
accordion,light,icon,,color,#00698f
accordion,light,stripe,,border-color,#121313
accordion,light,wrapper,,background-color,#121313
accordion,dark,,,background-color,#0d4458
accordion,dark,,,border-color,#002937
accordion,dark,,,color,#e7f9ff
accordion,dark,button,,background-color,#0d4458
accordion,dark,button,,color,#f7fdff
accordion,dark,icon,,color,#61daff
accordion,dark,stripe,,border-color,#00698f
accordion,dark,wrapper,,background-color,#00698f
alert,light,divider,,color,#00698f
alert,light,error,,background-color,#faebeb
alert,light,error,,color,#33444a
alert,light,"error icon",,color,#ce3836
alert,light,information,,background-color,#e6f2f9
alert,light,information,,color,#33444a
alert,light,"information icon",,color,#007cbf
alert,light,success,,background-color,#e6f3f3
alert,light,success,,color,#33444a
alert,light,"success icon",,color,#008482
alert,light,warning,,background-color,#faeee6
alert,light,warning,,color,#33444a
alert,light,"warning icon",,color,#c95100
alert,dark,divider,,color,#61daff
alert,dark,error,,background-color,#a23c3a
alert,dark,error,,color,#e7f9ff
alert,dark,"error icon",,color,#e7f9ff
alert,dark,information,,background-color,#3589b0
alert,dark,information,,color,#e7f9ff
alert,dark,"information icon",,color,#e7f9ff
alert,dark,success,,background-color,#0d7b7a
alert,dark,success,,color,#e7f9ff
alert,dark,"success icon",,color,#e7f9ff
alert,dark,warning,,background-color,#9f5c30
alert,dark,warning,,color,#e7f9ff
alert,dark,"warning icon",,color,#e7f9ff
banner,light,,,background-color,#e6e9eb
banner,light,,,color,#33444a
banner,dark,,,background-color,#003a4f
banner,dark,,,color,#e7f9ff
layout,light,,,background-color,inherit
layout,dark,,,background-color,inherit
footer,light,,,background-color,#e6e9eb
footer,light,,,border-color,#adafb0
footer,light,,,color,#33444a
footer,light,collapsible,,border-color,#adafb0
footer,dark,,,background-color,#003a4f
footer,dark,,,border-color,#1a4e61
footer,dark,,,color,#e7f9ff
footer,dark,collapsible,,border-color,#1a4e61
header,light,middle,,background-color,#fdfdfd
header,light,middle,,border-color,#adafb0
header,light,top,,background-color,#e6e9eb
header,light,top,,color,#33444a
header,dark,middle,,background-color,#003a4f
header,dark,middle,,border-color,#a6bac1
header,dark,top,,background-color,#002937
header,dark,top,,color,#e7f9ff
list,light,,,background-color,#e6e9eb
list,light,,,color,#33444a
list,dark,,,background-color,#003a4f
list,dark,,,color,#e7f9ff
list,dark,with,,background-color,#003a4f
message,light,error,,background-color,#faebeb
message,light,error,,border-color,#ce3836
message,light,error,,color,#33444a
message,light,"error icon",,color,#ce3836
message,light,information,,background-color,#e6f2f9
message,light,information,,border-color,#007cbf
message,light,information,,color,#33444a
message,light,"information icon",,color,#007cbf
message,light,success,,border-color,#008482
message,light,success,,background-color,#e6f3f3
message,light,success,,color,#33444a
message,light,"success icon",,color,#008482
message,light,warning,,background-color,#faeee6
message,light,warning,,border-color,#c95100
message,light,warning,,color,#33444a
message,light,"warning icon",,color,#c95100
message,dark,error,,background-color,#a23c3a
message,dark,error,,border-color,#e85653
message,dark,error,,color,#e7f9ff
message,dark,"error icon",,color,#e7f9ff
message,dark,information,,background-color,#3589b0
message,dark,information,,border-color,#4cc4fc
message,dark,information,,color,#e7f9ff
message,dark,"information icon",,color,#e7f9ff
message,dark,success,,border-color,#12b0ae
message,dark,success,,background-color,#0d7b7a
message,dark,success,,color,#e7f9ff
message,dark,"success icon",,color,#e7f9ff
message,dark,warning,,background-color,#9f5c30
message,dark,warning,,border-color,#e38444
message,dark,warning,,color,#e7f9ff
message,dark,"warning icon",,color,#e7f9ff
navigation,light,"dropdown sub menu",,background-color,#fdfdfd
navigation,dark,"dropdown sub menu",,background-color,#0d4458
navigation,light,drawer,,border-color,#00698f
navigation,light,drawer,,color,#00698f
navigation,light,drawer,hover,color,#003f56
navigation,light,drawer,active,color,#003f56
navigation,light,"drawer menu item",,background-color,transparent
navigation,light,"drawer menu item",,border-color,transparent
navigation,light,"drawer menu item",hover,background-color,transparent
navigation,light,"drawer menu item",hover,border-color,#003f56
navigation,light,"drawer menu item",active,background-color,transparent
navigation,light,"drawer menu item",active,border-color,#121313
navigation,light,"drawer menu item active trail",,background-color,#00698f
navigation,light,"drawer menu item active trail",,color,#e6e9eb
navigation,light,"drawer sub menu",,background-color,#fdfdfd
navigation,light,"drawer sub menu item",,background-color,transparent
navigation,light,"drawer sub menu item heading",,color,#002a39
navigation,light,"drawer sub menu item heading",hover,color,#002a39
navigation,light,"drawer sub menu item heading",active,color,#002a39
navigation,light,"drawer sub menu item",,color,#00698f
navigation,light,"drawer sub menu item",hover,background-color,#003f56
navigation,light,"drawer sub menu item",hover,color,#fafbfb
navigation,light,"drawer sub menu item",active,background-color,#33444a
navigation,light,"drawer sub menu item",active,color,#e6e9eb
navigation,dark,drawer,,border-color,#61daff
navigation,dark,drawer,,color,#61daff
navigation,dark,drawer,hover,color,#a0e9ff
navigation,dark,drawer,active,color,#a0e9ff
navigation,dark,"drawer menu item",,background-color,transparent
navigation,dark,"drawer menu item",,border-color,transparent
navigation,dark,"drawer menu item",hover,background-color,transparent
navigation,dark,"drawer menu item",hover,border-color,#a0e9ff
navigation,dark,"drawer menu item",active,background-color,transparent
navigation,dark,"drawer menu item",active,border-color,#00698f
navigation,dark,"drawer menu item active trail",,background-color,#61daff
navigation,dark,"drawer menu item active trail",,color,#003a4f
navigation,dark,"drawer sub menu",,background-color,#0d4458
navigation,dark,"drawer sub menu item",,background-color,transparent
navigation,dark,"drawer sub menu item heading",,color,#f7fdff
navigation,dark,"drawer sub menu item heading",hover,color,#f7fdff
navigation,dark,"drawer sub menu item heading",active,color,#f7fdff
navigation,dark,"drawer sub menu item",,color,#61daff
navigation,dark,"drawer sub menu item",hover,background-color,#a0e9ff
navigation,dark,"drawer sub menu item",hover,color,#002937
navigation,dark,"drawer sub menu item",active,background-color,#e7f9ff
navigation,dark,"drawer sub menu item",active,color,#003a4f
"side navigation",light,title,,color,#002a39
"side navigation",light,"link expanded icon",,color,#002a39
"side navigation",light,"link parent",,background-color,#fdfdfd
"side navigation",light,"link parent",,border-color,#adafb0
"side navigation",light,"link parent",,color,#002a39
"side navigation",light,"link parent stripe",,color,#adafb0
"side navigation",light,"link parent",hover,background-color,#b8babc
"side navigation",light,"link parent",hover,border-color,#adafb0
"side navigation",light,"link parent",hover,color,#002a39
"side navigation",light,"link parent hover stripe",,color,#121313
"side navigation",light,"link parent",active,background-color,#e6e9eb
"side navigation",light,"link parent",active,border-color,#adafb0
"side navigation",light,"link parent",active,color,#002a39
"side navigation",light,"link parent active stripe",,color,#121313
"side navigation",light,"link child",,background-color,#fdfdfd
"side navigation",light,"link child",,border-color,#adafb0
"side navigation",light,"link child",,color,#002a39
"side navigation",light,"link child stripe",,color,#adafb0
"side navigation",light,"link child",hover,background-color,#b8babc
"side navigation",light,"link child",hover,border-color,#adafb0
"side navigation",light,"link child",hover,color,#002a39
"side navigation",light,"link child hover stripe",,color,#121313
"side navigation",light,"link child",active,background-color,#e6e9eb
"side navigation",light,"link child",active,border-color,#adafb0
"side navigation",light,"link child",active,color,#002a39
"side navigation",light,"link child active stripe",,color,#adafb0
"side navigation",dark,title,,color,#f7fdff
"side navigation",dark,"link expanded icon",,color,#f7fdff
"side navigation",dark,"link parent",,background-color,#0d4458
"side navigation",dark,"link parent",,border-color,#003a4f
"side navigation",dark,"link parent",,color,#f7fdff
"side navigation",dark,"link parent stripe",,color,#003a4f
"side navigation",dark,"link parent",hover,background-color,#002937
"side navigation",dark,"link parent",hover,border-color,#003a4f
"side navigation",dark,"link parent",hover,color,#f7fdff
"side navigation",dark,"link parent hover stripe",,color,#00698f
"side navigation",dark,"link parent",active,background-color,#003a4f
"side navigation",dark,"link parent",active,border-color,#003a4f
"side navigation",dark,"link parent",active,color,#f7fdff
"side navigation",dark,"link parent active stripe",,color,#00698f
"side navigation",dark,"link child",,background-color,#0d4458
"side navigation",dark,"link child",,border-color,#003a4f
"side navigation",dark,"link child",,color,#f7fdff
"side navigation",dark,"link child stripe",,color,#003a4f
"side navigation",dark,"link child",hover,background-color,#002937
"side navigation",dark,"link child",hover,border-color,#003a4f
"side navigation",dark,"link child",hover,color,#f7fdff
"side navigation",dark,"link child hover stripe",,color,#00698f
"side navigation",dark,"link child",active,background-color,#003a4f
"side navigation",dark,"link child",active,border-color,#003a4f
"side navigation",dark,"link child",active,color,#f7fdff
"side navigation",dark,"link child active stripe",,color,#003a4f
"mobile navigation",light,panel,,background-color,#fdfdfd
"mobile navigation",light,"top menu",,background-color,#fdfdfd
"mobile navigation",light,"bottom menu",,background-color,#e6e9eb
"mobile navigation",light,"menu item",,color,#00698f
"mobile navigation",light,"menu item",hover,color,#00698f
"mobile navigation",light,"menu divider",,border-color,#5c5d5e
"mobile navigation",light,"subsection heading",,color,#002a39
"mobile navigation",light,"subsection heading icon",,color,#002a39
"mobile navigation",light,"subsection trigger",,color,#00698f
"mobile navigation trigger",light,,,color,#003a4f
"mobile navigation",dark,panel,,background-color,#003a4f
"mobile navigation",dark,"top menu",,background-color,#003a4f
"mobile navigation",dark,"bottom menu",,background-color,#002937
"mobile navigation",dark,"menu item",,color,#61daff
"mobile navigation",dark,"menu item",hover,color,#61daff
"mobile navigation",dark,"menu divider",,border-color,#1a4e61
"mobile navigation",dark,"subsection heading",,color,#f7fdff
"mobile navigation",dark,"subsection heading icon",,color,#f7fdff
"mobile navigation",dark,"subsection trigger",,color,#61daff
"mobile navigation trigger",dark,,,color,#003a4f
promo,light,,,background-color,#fdfdfd
promo,light,body,,color,#33444a
promo,light,heading,,color,#002a39
promo,dark,,,background-color,#002937
promo,dark,body,,color,#e7f9ff
promo,dark,heading,,color,#f7fdff
"skip link",light,,,background-color,#e6e9eb
"skip link",dark,,,background-color,#003a4f
slider,light,,,background-color,#e6e9eb
slider,light,"progress indicator",,background-color,#00698f
slider,light,"progress indicator",,color,#fafbfb
slider,light,title,,color,#002a39
slider,light,wrapper,,background-color,#e6e9eb
slider,dark,,,background-color,#003a4f
slider,dark,"progress indicator",,background-color,#61daff
slider,dark,"progress indicator",,color,#003a4f
slider,dark,title,,color,#f7fdff
slider,dark,wrapper,,background-color,#003a4f
slide,light,,,background-color,#e6e9eb
slide,light,summary,,color,#33444a
slide,light,title,,color,#002a39
slide,dark,,,background-color,#003a4f
slide,dark,summary,,color,#f7fdff
slide,dark,title,,color,#f7fdff
"social links",light,,,color,#00698f
"social links",light,,hover,color,#00698f
"social links",light,focus,,color,#00698f
"social links",light,,active,color,#00698f
"social links",light,,visited,color,#00698f
"social links",dark,,,color,#61daff
"social links",dark,,hover,color,#61daff
"social links",dark,focus,,color,#61daff
"social links",dark,,active,color,#61daff
"social links",dark,,visited,color,#61daff
webform,light,,,background-color,#e6e9eb
webform,light,,,color,#33444a
webform,light,wrapper,,background-color,#e6e9eb
webform,dark,,,background-color,#003a4f
webform,dark,,,color,#e7f9ff
webform,dark,wrapper,,background-color,#003a4f
pager,light,,,color,#00698f
